degree,method,alpha,r2,mse
1,linear,,0.25775113795294713,30.831259640257827
1,ridge,0.01,0.2577515742271199,30.831255643327687
1,ridge,0.1,0.2577554958312621,30.83121984705151
1,ridge,1.0,0.2577942315643978,30.830879273610435
1,ridge,10.0,0.25813470474008193,30.829169255554735
1,lasso,0.01,0.25784825419894997,30.831541751736825
1,lasso,0.1,0.25803203411170067,30.861860267705442
1,lasso,1.0,0.21716434205538476,32.829348094756085
1,lasso,10.0,-0.0031880459052422427,42.11424534638681
1,elastic_net,0.01,0.2579611329974457,30.830278941983998
1,elastic_net,0.1,0.2584687187710072,30.8729192825298
1,elastic_net,1.0,0.2088017492422236,33.23824658086803
1,elastic_net,10.0,-0.0031880459052422427,42.11424534638681
2,linear,,0.5410124758635788,19.10239294742176
2,ridge,0.01,0.541012999395919,19.10238989223256
2,ridge,0.1,0.5410177010115692,19.102362781197144
2,ridge,1.0,0.5410637124430325,19.102129748855592
2,ridge,10.0,0.5414259399581367,19.103506335970746
2,lasso,0.01,0.5411641360622361,19.104721729110775
2,lasso,0.1,0.5404404395276499,19.2106609799399
2,lasso,1.0,0.4159788886206212,24.776432528518033
2,lasso,10.0,-0.0031880459052422427,42.11424534638681
2,elastic_net,0.01,0.5412691105678457,19.103421978228255
2,elastic_net,0.1,0.5403099497318593,19.23910533094895
2,elastic_net,1.0,0.4100662231412476,25.03934091911783
2,elastic_net,10.0,-0.0031880459052422427,42.11424534638681
3,linear,,0.7353752640862086,10.92516104485283
3,ridge,0.01,0.7353765855529018,10.925127836913997
3,ridge,0.1,0.7353882261561846,10.92483903160288
3,ridge,1.0,0.735480671594481,10.922905391892382
3,ridge,10.0,0.7347731491273588,10.968289575441826
3,lasso,0.01,0.735269474423189,10.941949543678572
3,lasso,0.1,0.7161503586129067,11.831782763349743
3,lasso,1.0,0.5105474919070144,20.66582684089937
3,lasso,10.0,-0.0031880459052422427,42.11424534638681
3,elastic_net,0.01,0.7352816842270471,10.942945826327604
3,elastic_net,0.1,0.715673290445168,11.84305751980416
3,elastic_net,1.0,0.5259102672434517,20.022404505529035
3,elastic_net,10.0,-0.0031880459052422427,42.11424534638681
4,linear,,0.9132194839374383,3.557678143158712
4,ridge,0.01,0.9132199837209181,3.5576876281328134
4,ridge,0.1,0.9132237039625479,3.5578036672458437
4,ridge,1.0,0.9131900194388317,3.5617574628747577
4,ridge,10.0,0.9092156117001661,3.7434974992274412
4,lasso,0.01,0.9123319063621439,3.6072507676135253
4,lasso,0.1,0.867140848539694,5.552296922777026
4,lasso,1.0,0.5924535587669243,17.1648778696083
4,lasso,10.0,-0.0031880459052422427,42.11424534638681
4,elastic_net,0.01,0.9114422333284289,3.647119715812606
4,elastic_net,0.1,0.8680641132784824,5.508091350280184
4,elastic_net,1.0,0.631663594123958,15.586237981905924
4,elastic_net,10.0,-0.0031880459052422427,42.11424534638681
5,linear,,0.9604827244594267,1.6204014699377791
5,ridge,0.01,0.9604843669570531,1.6203321802121387
5,ridge,0.1,0.9604929977926775,1.6199841029762219
5,ridge,1.0,0.9602626329906577,1.6307125384101873
5,ridge,10.0,0.9537686362335297,1.915453514078711
5,lasso,0.01,0.9568531374877678,1.7757954777683629
5,lasso,0.1,0.9073965251894578,3.8722051154616515
5,lasso,1.0,0.6028197206519564,16.7462783655263
5,lasso,10.0,-0.0031880459052422427,42.11424534638681
5,elastic_net,0.01,0.9561720857104227,1.8080230862141549
5,elastic_net,0.1,0.9106083327618923,3.7425424239301264
5,elastic_net,1.0,0.6772816286975905,13.60861559148832
5,elastic_net,10.0,-0.0031880459052422427,42.11424534638681
6,linear,,0.9850189336404298,0.6005107844348785
6,ridge,0.01,0.985018761128915,0.6004648477605634
6,ridge,0.1,0.9849868136051025,0.6014298568437632
6,ridge,1.0,0.9838838329823183,0.6471060262439063
6,ridge,10.0,0.975362428479581,1.0070136158256078
6,lasso,0.01,0.9764333523815136,0.9660027434980002
6,lasso,0.1,0.9387313896598035,2.557978809348325
6,lasso,1.0,0.628239211393112,15.648159040762426
6,lasso,10.0,-0.0031880459052422427,42.11424534638681
6,elastic_net,0.01,0.9767289757208948,0.9510804991160293
6,elastic_net,0.1,0.9437140462060369,2.347763629095552
6,elastic_net,1.0,0.7158835746634561,11.952286628008107
6,elastic_net,10.0,-0.0031880459052422427,42.11424534638681
7,linear,,0.9910658717288505,0.3555504353577432
7,ridge,0.01,0.9910715490629164,0.35528705461923343
7,ridge,0.1,0.9909535761747279,0.35972128732581143
7,ridge,1.0,0.9895306419828103,0.4177381991344431
7,ridge,10.0,0.9827677087217819,0.7002849602309397
7,lasso,0.01,0.9823445441129174,0.7224056217930702
7,lasso,0.1,0.9516372666618157,2.0171632792680256
7,lasso,1.0,0.6299401339861491,15.581161339194534
7,lasso,10.0,-0.0031880459052422427,42.11424534638681
7,elastic_net,0.01,0.9830800147893688,0.6893730185927056
7,elastic_net,0.1,0.9573703148470866,1.780599744944712
7,elastic_net,1.0,0.7315042855972015,11.282007657504998
7,elastic_net,10.0,-0.0031880459052422427,42.11424534638681
8,linear,,0.992767144674225,0.2877541801596191
8,ridge,0.01,0.9928555804882802,0.2839390530441531
8,ridge,0.1,0.9928581166591204,0.2835583954956355
8,ridge,1.0,0.9921728657513755,0.3104986902704383
8,ridge,10.0,0.9888114851968517,0.4491286932333435
8,lasso,0.01,0.9875552535487058,0.506384745617226
8,lasso,0.1,0.9608401992301993,1.6319077982277395
8,lasso,1.0,0.6348917039510461,15.353924875633453
8,lasso,10.0,-0.0031880459052422427,42.11424534638681
8,elastic_net,0.01,0.9883694045784995,0.4702533158405293
8,elastic_net,0.1,0.9674451254623355,1.3518586992503487
8,elastic_net,1.0,0.7537254165800074,10.327629149781892
8,elastic_net,10.0,-0.0031880459052422427,42.11424534638681
9,linear,,0.9923887414366321,0.3030018995263784
9,ridge,0.01,0.9926881956126353,0.29013175480940473
9,ridge,0.1,0.9930130676626799,0.27732889928608806
9,ridge,1.0,0.9928788347945969,0.2829283301791591
9,ridge,10.0,0.9907882950880245,0.3689771794669422
9,lasso,0.01,0.9886766494449224,0.459910484931203
9,lasso,0.1,0.9652763613340264,1.4494087922063632
9,lasso,1.0,0.6349610196241918,15.35147422341814
9,lasso,10.0,-0.0031880459052422427,42.11424534638681
9,elastic_net,0.01,0.990010559593187,0.4035641265570729
9,elastic_net,0.1,0.9722126145946746,1.1528076100747524
9,elastic_net,1.0,0.7601835922765962,10.053247193620594
9,elastic_net,10.0,-0.0031880459052422427,42.11424534638681
10,linear,,0.9904802115919912,0.38769176567669483
10,ridge,0.01,0.9922456700977573,0.30804631066040156
10,ridge,0.1,0.99310664717789,0.27257003866199403
10,ridge,1.0,0.9933623453456077,0.2626712772758011
10,ridge,10.0,0.9921920049882778,0.3110019419236466
10,lasso,0.01,0.989895354635323,0.4087457643176152
10,lasso,0.1,0.9657220693669558,1.425124629840037
10,lasso,1.0,0.6348393490810942,15.354733737431639
10,lasso,10.0,-0.0031880459052422427,42.11424534638681
10,elastic_net,0.01,0.9912006050813817,0.3536711386168495
10,elastic_net,0.1,0.9745923009674715,1.048875017395934
10,elastic_net,1.0,0.7702457047668465,9.617661134516757
10,elastic_net,10.0,-0.0031880459052422427,42.11424534638681
11,linear,,0.9879339793798607,0.4984660003230652
11,ridge,0.01,0.9915124631995603,0.34028891131839833
11,ridge,0.1,0.9928271247179492,0.2839127104477659
11,ridge,1.0,0.9934319431558933,0.25995453223445364
11,ridge,10.0,0.9927172736855008,0.2901086618405561
11,lasso,0.01,0.9902046167917018,0.39489572427311564
11,lasso,0.1,0.9667681335310381,1.3787067998416507
11,lasso,1.0,0.6345576215893374,15.36530050712948
11,lasso,10.0,-0.0031880459052422427,42.11424534638681
11,elastic_net,0.01,0.9915218437420943,0.3403445442408638
11,elastic_net,0.1,0.9766621937293574,0.9624148753249292
11,elastic_net,1.0,0.7732326122737081,9.490255326954218
11,elastic_net,10.0,-0.0031880459052422427,42.11424534638681
12,linear,,0.9632848355034198,1.6198279575769827
12,ridge,0.01,0.9908126281215756,0.3707096321815729
12,ridge,0.1,0.9925931350050851,0.2942451473257999
12,ridge,1.0,0.993504559504687,0.256622223465734
12,ridge,10.0,0.9930463375178326,0.2760331097541174
12,lasso,0.01,0.9904490565745657,0.3856041740673952
12,lasso,0.1,0.9670324539042738,1.3663585473861346
12,lasso,1.0,0.634895664885161,15.353000656870245
12,lasso,10.0,-0.0031880459052422427,42.11424534638681
12,elastic_net,0.01,0.9917746613667499,0.3297401685918454
12,elastic_net,0.1,0.9770194274702562,0.9444146622802447
12,elastic_net,1.0,0.7776066286077417,9.301553451195394
12,elastic_net,10.0,-0.0031880459052422427,42.11424534638681
13,linear,,0.7027043888421319,13.948892069426753
13,ridge,0.01,0.9902896493934588,0.39159178567452463
13,ridge,0.1,0.9921039947394998,0.31502156130773773
13,ridge,1.0,0.9933478933141131,0.2628441351595077
13,ridge,10.0,0.9931812683764785,0.2705194960093678
13,lasso,0.01,0.9907488826897455,0.3734321765644376
13,lasso,0.1,0.9673096825939437,1.3557233724143292
13,lasso,1.0,0.6347902348715724,15.356750676779445
13,lasso,10.0,-0.0031880459052422427,42.11424534638681
13,elastic_net,0.01,0.9919362536630612,0.32313609898603324
13,elastic_net,0.1,0.9778004641120802,0.9118421998997901
13,elastic_net,1.0,0.7791560608292343,9.235534683375302
13,elastic_net,10.0,-0.0031880459052422427,42.11424534638681
14,linear,,-0.043672160772121084,44.54868625453558
14,ridge,0.01,0.9894733831481843,0.42620041795169666
14,ridge,0.1,0.991677902308399,0.33472435551991425
14,ridge,1.0,0.9932622786123204,0.2667444861000098
14,ridge,10.0,0.9932439730918725,0.26737665052690196
14,lasso,0.01,0.9907285753903535,0.3739832561624704
14,lasso,0.1,0.9672298646108862,1.3572788826810676
14,lasso,1.0,0.6350252972743711,15.349540007745171
14,lasso,10.0,-0.0031880459052422427,42.11424534638681
14,elastic_net,0.01,0.9919880953969441,0.32059172193822055
14,elastic_net,0.1,0.9778523346992236,0.9084159863785546
14,elastic_net,1.0,0.7808131664244884,9.162803433187873
14,elastic_net,10.0,-0.0031880459052422427,42.11424534638681
15,linear,,-2.4264006900475747,150.79897142031615
15,ridge,0.01,0.9888711803056589,0.4495473591599689
15,ridge,0.1,0.9912074687416779,0.3546221597623642
15,ridge,1.0,0.9930064309902171,0.27700154530337917
15,ridge,10.0,0.9932208425011947,0.26823777946808985
15,lasso,0.01,0.9907545716728438,0.3734471881401428
15,lasso,0.1,0.9668847029283307,1.3750546820253842
15,lasso,1.0,0.6349278393205734,15.35429707261242
15,lasso,10.0,-0.0031880459052422427,42.11424534638681
15,elastic_net,0.01,0.9920534959389045,0.3177997512688914
15,elastic_net,0.1,0.9780769217544787,0.8993244255757734
15,elastic_net,1.0,0.7815804988481828,9.129920544618729
15,elastic_net,10.0,-0.0031880459052422427,42.11424534638681
16,linear,,-4.1090248476118685,225.23720164652212
16,ridge,0.01,0.9873436390390514,0.5193832456305589
16,ridge,0.1,0.990696333947613,0.37762490761518286
16,ridge,1.0,0.9928037130757602,0.28651047500198173
16,ridge,10.0,0.9931929892179777,0.2691624772740877
16,lasso,0.01,0.9907765652576017,0.3717766607399118
16,lasso,0.1,0.9667757181289947,1.378921191865646
16,lasso,1.0,0.6350095747319612,15.35220865695469
16,lasso,10.0,-0.0031880459052422427,42.11424534638681
16,elastic_net,0.01,0.9920487836358308,0.31773595365886587
16,elastic_net,0.1,0.9780868031204448,0.8985374609435549
16,elastic_net,1.0,0.782103275366034,9.105660221309753
16,elastic_net,10.0,-0.0031880459052422427,42.11424534638681
17,linear,,-9.240770157253337,433.38428553982124
17,ridge,0.01,0.9855998550852754,0.5951543359888476
17,ridge,0.1,0.9902917107616093,0.394472679183331
17,ridge,1.0,0.9925165650497947,0.29813618401769293
17,ridge,10.0,0.9930928923876168,0.27309140697103623
17,lasso,0.01,0.9906923970285273,0.37558347973951967
17,lasso,0.1,0.9664727464317433,1.3935263974377785
17,lasso,1.0,0.6349137569649823,15.356932368940857
17,lasso,10.0,-0.0031880459052422427,42.11424534638681
17,elastic_net,0.01,0.992068865931018,0.3168029848505449
17,elastic_net,0.1,0.9780449162660935,0.901198344324899
17,elastic_net,1.0,0.7824816980732853,9.089925921171439
17,elastic_net,10.0,-0.0031880459052422427,42.11424534638681
18,linear,,-12.650064511357515,587.2780859808599
18,ridge,0.01,0.9823334053289937,0.7484411657732317
18,ridge,0.1,0.9896412827469081,0.4235809696866304
18,ridge,1.0,0.9922396332118593,0.31111692190285234
18,ridge,10.0,0.9929954516418722,0.27728876188563845
18,lasso,0.01,0.9906641166517411,0.37604154769163667
18,lasso,0.1,0.9663178140594516,1.3995757301616212
18,lasso,1.0,0.6349459943800753,15.355980952524892
18,lasso,10.0,-0.0031880459052422427,42.11424534638681
18,elastic_net,0.01,0.9920447588923761,0.31753040728180404
18,elastic_net,0.1,0.9780393855071585,0.9013355276958391
18,elastic_net,1.0,0.7825554261820636,9.085286121755315
18,elastic_net,10.0,-0.0031880459052422427,42.11424534638681
19,linear,,-21.17141205094949,941.2109041126971
19,ridge,0.01,0.9783202240140281,0.9292208168389676
19,ridge,0.1,0.98903628741728,0.4503604370540521
19,ridge,1.0,0.9919653139178941,0.3222720883779068
19,ridge,10.0,0.9928583588375142,0.28253302468060265
19,lasso,0.01,0.9906264245935578,0.377970824860819
19,lasso,0.1,0.9659567525395343,1.4169157645561907
19,lasso,1.0,0.6348734315095454,15.359557794429275
19,lasso,10.0,-0.0031880459052422427,42.11424534638681
19,elastic_net,0.01,0.992050750797658,0.3172594603964047
19,elastic_net,0.1,0.9779093319848589,0.9076800467522389
19,elastic_net,1.0,0.7827295954183875,9.078163796409655
19,elastic_net,10.0,-0.0031880459052422427,42.11424534638681
20,linear,,-26.169914274136083,1160.7675274072112
20,ridge,0.01,0.9723965061212043,1.2088658163118
20,ridge,0.1,0.9880643209320852,0.49512759268253603
20,ridge,1.0,0.9916431605355115,0.3371139072484472
20,ridge,10.0,0.9926923784469409,0.28999005506094916
20,lasso,0.01,0.9905614591505543,0.38036715277365657
20,lasso,0.1,0.9658859472008098,1.4202359863692577
20,lasso,1.0,0.6348765973851841,15.359595102347441
20,lasso,10.0,-0.0031880459052422427,42.11424534638681
20,elastic_net,0.01,0.9920280508354822,0.31793192302122286
20,elastic_net,0.1,0.9778896265331796,0.9084220357323443
20,elastic_net,1.0,0.7826464743684864,9.080961712189229
20,elastic_net,10.0,-0.0031880459052422427,42.11424534638681
