x1,x2,x3,y
-0.6094610336981745,-1.0,0.5592542547541375,4.4130935007064185
0.3829676428468225,0.9459828512253234,-0.8165061726089848,7.040871151147907
-0.3099666897406619,-1.0,-0.29069774793480985,1.925384514148639
-1.0,-0.08540710922931383,0.01999634037227871,-4.52219876503557
-0.11943709367726751,0.6820197142916897,-0.2925110167879248,0.4413706354769544
-0.12924335413956478,-0.8111849279748669,0.14645632780970663,1.6086700818283635
1.0,0.21755855515950762,-1.0,9.887192182272875
-0.031466669474234266,-1.0,-0.09797407158874405,2.1107442251123802
-0.7435430024136072,1.0,-0.40955663432892253,4.74302923660233
-0.32161514332984,-1.0,-0.26356556987171587,2.689921597227355
0.7787992678492428,-0.9283518997880287,-0.029690938817165557,-2.069665223299544
-0.5908069871034827,1.0,0.09207598691320329,4.996159992139715
-0.4555525417107835,-0.24466341306159411,-1.0,-2.201113184091023
-1.0,0.4007223187226403,-0.7468699603600271,4.8819095783485835
0.013582447596918179,-0.22872691111130683,-0.06801236698471524,0.6212804172535249
-0.6486850731767835,1.0,0.11908621795371754,3.700198547549057
1.0,0.08372780134557622,0.11583032523688641,4.5909599951012785
0.24080972291312785,-1.0,-0.35425458644679186,0.4157812999332099
-0.6073417099709424,0.7296663862758008,1.0,7.966382042756969
-0.2165718209158911,-0.3218172192620645,1.0,-0.7314308095775134
0.8076513689140317,0.20474931459036294,-0.34482226302941865,1.6293534834872543
0.9340007016224832,0.8917459351576684,0.1975440747681918,8.41330658816426
0.2229629531767625,-0.575089975028509,0.9240025682256001,-2.074813925912443
-0.9279550574980773,0.7586909897954355,0.5889130149666348,-2.281263856434239
-0.8052939159001657,0.9942560490185346,0.9899901047844479,15.261194631288975
0.47254622510291067,-0.38099093004230467,-0.4569596556367841,0.8066901438173717
0.1193077173302266,-0.3285749626237364,-0.4343751550320534,1.7261676340728198
-0.10894400679174487,-0.9344683743823303,1.0,-5.495589628846689
-0.11421349432052397,0.33513249810268686,1.0,3.0242566500547645
-0.3033585567045325,0.6652902378394192,-0.019055085146135742,-0.9620162411117337
-0.05745462082213848,0.8615370579045671,-1.0,-2.298132015165146
0.09410295236322352,-0.456777875264865,-0.49565871271654793,1.2269758043187597
-0.4902836843037799,-0.9405369851693373,0.9063203257587189,-0.05201472476827412
1.0,-0.8287002391189757,-1.0,-9.133162802496887
-0.056917179373689786,-1.0,1.0,-7.093925846191289
0.7594293160540098,1.0,-0.5060442108512717,12.342845464974872
0.42291346682915676,-1.0,1.0,-7.205899734433407
0.9698756322933979,-1.0,-0.7063982151149506,-13.487318678530333
0.7089982070440497,-1.0,0.9021760768860141,-4.654768944858323
-0.09318556996152427,1.0,-0.5934670344578641,9.444128355296492
-1.0,-0.5990255288364177,0.7381198758313456,3.776453408100184
1.0,-1.0,-0.3631476169476937,-9.17420541095267
0.3570119894352415,-0.789811452568004,-0.2390597292070964,1.5694663932914932
0.35722027022825986,0.8351623297517363,1.0,7.030346332971034
-0.7273740548696841,0.9084998820640955,0.41165147942971503,0.6862777986117155
-1.0,0.34383265530565765,-0.5648517562654924,0.3883323983588928
0.9080114980968683,-0.557154362224733,1.0,0.4097100569881634
-0.8199546561159212,0.09776441318437645,0.24266683117940202,-3.34155408066578
0.4263091182089582,-0.405216114019467,1.0,-2.303599820533358
-0.08478958598712971,1.0,-0.08835095685182215,8.077314282797161
-0.7411138192789397,0.3201796435580788,0.5694252755408455,-2.230336174999739
0.39351604904466186,0.8353730412158922,-1.0,-2.2810348134161114
0.3514659251454877,0.16979573167012219,0.4027130077768948,0.5641679928973309
-0.2652892993566265,-0.17752301919062852,0.37421221474515587,-0.016063566543827595
0.060334918405756666,-0.06759726185912496,-0.28880687156551543,1.8730063996479314
-0.32966792550124824,-0.7976521623099648,0.37398424909429706,1.4072716169944663
0.5331639632242473,0.5546201273779325,1.0,4.285639947937143
-1.0,-0.099907113768269,-0.41520023656092175,-2.8002172264857697
0.8585513659846031,-0.5730123935045977,-1.0,-5.327757361444564
-0.049616102966113296,0.2819506777446563,-0.7725992717120873,-0.12955026014645532
-0.21321856870177625,-0.3625240926928026,1.0,-0.49908556489259537
-0.2148319718722309,-1.0,0.11145115426574481,3.379586384089439
-0.4318543955414711,0.18601326301141952,-0.285243004280064,-0.9928129689344606
-0.18602338069837066,0.19836998620256652,0.6580785122539528,-0.675754255545591
-0.5628887046178563,0.05671352726428336,0.8701793357464531,0.5042878530421833
-1.0,1.0,-0.44869657169072785,11.75536491470523
-0.8381349776492704,-0.5166516632023495,-1.0,2.8974930539288746
-0.7886595648265065,-0.1745988359144468,-1.0,4.747990621009045
-0.7391081115518217,0.3749100433152195,-0.3494260589769411,-2.3070919422409726
1.0,0.4555762977502167,0.1466767586469484,7.132842436859822
0.08772678440375459,-0.6004823584828163,1.0,-3.0628431200597284
0.43593296522180913,-0.33298801902493147,-0.9738454006780877,-3.247622826153976
-0.7497632993754302,0.14183881730880876,-0.884206991565575,1.976937678058345
-0.029966256028010063,0.44173414919527176,-0.6288107383777883,0.5049996920481156
0.2279836855025268,0.09832054270705015,0.4979717597095952,0.8845863897008776
-0.27502070184477545,-1.0,0.876209426099319,-3.1719228714820877
-1.0,1.0,0.7270298829168809,1.2402308348940738
-0.05542651021488876,-0.152576642556439,-0.6840258353187454,0.34605405805571277
-0.0901905096773592,-0.6730909447145439,0.3422467908280562,1.4799981262999196
0.8645721487398073,-0.7751153526534194,-0.8552925129185309,-3.830189388705258
0.03170782169112396,-0.814907349847394,1.0,-2.5813226955495816
-0.4770373842158302,0.2898759820127905,1.0,2.042645860181882
1.0,0.8716550551372382,1.0,26.885196480138454
-0.11934008052111111,0.25793724367526005,-0.577329632045537,-0.02082102013114312
1.0,-0.35843002005206825,0.08965876647642013,4.038880997045162
1.0,0.16717787163560915,0.7211830387745091,9.96724130482568
-1.0,-0.5806899601184023,0.6484722949759607,3.429805066486685
1.0,-1.0,-0.23117478591629648,-8.996903960604715
-0.4407224664827285,-0.8092838220592824,-0.036024145757967085,2.4712787769001965
1.0,-0.804815231322854,-0.7373949655460197,1.1535301758905836
1.0,-0.2831148096650815,0.1618659915415983,4.623535510147841
-0.08331770479904477,-0.6630422630012092,1.0,-2.4455196733303888
0.0947574105033373,-0.5514937612723902,0.5441661376169846,0.6439724750214051
-0.9934276258547188,1.0,-0.6496387808561974,12.160068091854624
0.2296978381271586,1.0,0.20203376536407514,7.74600466740431
-0.04084160432369255,0.07363031353285199,-0.8267451468870042,-0.69787359286222
0.25471902448823514,-0.4414028828490828,-0.07492544347082686,1.6362797079112348
-1.0,-0.5677136566383898,0.6030947103238626,2.3262227174733665
-0.6911190748295166,0.41211386781131876,-0.11129767118232592,-2.4592358449245966
1.0,1.0,0.17825132863523918,13.853821699761154
0.04912100366165251,0.25224689937612266,1.0,1.2362369562124562
-0.4828092540338813,-0.11489386147174274,-1.0,-1.4122144033019943
0.17828628035506844,0.04171101737127203,1.0,-1.0691324594116915
0.00856806946664368,-0.3551846767263296,0.9542645698523413,-0.8126465842699488
-0.07138876854410858,0.1389571340520377,1.0,1.5103415375017815
-1.0,0.27890028387040156,1.0,2.7613693334374076
0.7647409713896527,1.0,-0.27811524480292227,10.948036310336303
-1.0,-1.0,0.11806876355954299,9.242130379435961
-1.0,-1.0,0.09585313350511604,8.398915648676102
1.0,0.4712995025585369,0.251061587378405,7.6022043185646435
-1.0,1.0,-0.8822546774695597,16.365201204381975
-1.0,0.1452597092801895,1.0,3.700205579338173
-1.0,0.7699402610991561,0.5253514591139066,-3.467384955921526
-0.36814790673794295,0.021653178348018498,0.1415778254012221,-0.593232523930646
0.4806393593508216,0.24325960278719627,0.2844520329376128,1.018293214463695
0.6011432297307184,0.48305309194008994,0.02971577495133859,1.695001915077825
-1.0,-1.0,-0.020715319633809015,7.828355026297456
-0.2717917834906167,-0.7847372073659038,-1.0,-7.710330203709641
0.1178390852499751,0.4907265048513627,-1.0,-3.576162520603967
-0.9477861184231837,0.503588965964104,-0.0021281935679493547,-3.580694789494886
1.0,-1.0,0.6126848217579968,-5.526966775227885
1.0,-0.5419524032460947,0.8730610577105233,5.25081691624966
0.2430651016261467,-0.20692174474261926,0.6782469339508339,0.5547868641503375
-0.16309310383547415,-0.9657597113234917,-1.0,-13.248659718317667
-0.9061640016375707,0.31784507007925233,-0.17704736577222402,-3.0000555971934832
0.05029808616547826,0.26943338514238047,1.0,2.3770199122003643
-0.31920372554327714,0.7902114706980419,-0.7161556836422984,-0.42311642156356466
0.29952321464581977,0.28818475922476794,0.5323771510364645,0.21018495773042933
-0.9164185165445189,1.0,0.2566869741634863,2.7763460955495596
-0.11282248268331863,1.0,1.0,13.65217170543927
0.20924353183609612,0.7362962320468387,0.7208182227826296,3.1673875505332485
0.8297485260447206,0.5971700363551713,0.6250819465755506,6.21363588313992
-0.5855113675746311,-0.24028640295922288,0.753442881783132,0.38699461474798774
-0.734455437969018,1.0,-0.2389863073298013,5.632234331607046
0.21699314775211231,1.0,1.0,10.492430140808745
0.5057273298349831,-0.8060154675640532,-0.7745816519909756,-2.856461821523462
-1.0,-1.0,-0.40173436752111935,6.085829410528356
-0.2576490892785972,0.18211508726324732,1.0,1.6626919117686063
0.5287417632518603,0.6315332318966054,-1.0,-1.2008903513489935
-0.16844941641723676,-1.0,0.07263537721424163,1.9084250556269091
-0.0329000595057638,0.3702778776798292,0.5589546098007296,-0.4221698235192516
0.17498577114879832,-0.918471795355376,1.0,-5.362075104876414
-1.0,-1.0,0.8232066538355929,18.12055672170781
-1.0,-0.27814156333577933,1.0,5.272700599163516
-0.8252256447623938,0.014781367460161121,1.0,2.611784506307939
0.36607950235805187,0.6536030966642328,0.5670312378757505,2.402586502220863
0.7172643709410311,-1.0,1.0,-7.100345004692963
-0.8062635104442846,-0.30995794249317754,-0.48560585775734544,0.86666389485559
-0.16919229190245844,0.1711259302978403,-0.24397993379099714,-0.7898799693152874
0.1259254350500647,-0.3543777945144513,1.0,-0.9987523463646352
-0.6856331379295948,-0.9095783661243504,-0.9100518776998174,-2.479763010582622
0.9684908977122453,0.11633433058891951,0.005960472638482983,5.427313948257582
0.4031451640703556,0.9597830068525088,0.842074571448211,8.417889058900796
0.1983588602866997,0.36206847372578266,0.1785106777786587,0.6271398656799348
-0.9846105390064406,0.8193791911039014,-1.0,18.752809639337602
1.0,-1.0,-0.005986682000958421,-8.322961613125345
1.0,-1.0,-0.39195967629887707,-9.00461199295068
0.20600367850382928,0.22604263182686335,-0.1047705262396994,0.2902871520285738
0.6304396706692927,-1.0,-0.17272868981918643,-1.9684428364050113
-0.48782169131591124,0.28878054012283605,-0.8357725697663305,-0.9765174922396928
-1.0,-1.0,-0.5848768888309139,4.1292443419872065
0.8468631646759364,-0.17242161337284712,-0.2144333242098575,2.650608902925959
-1.0,1.0,0.4221587070810424,1.9564797314137845
0.17427817477516716,-0.7013101960466452,-0.6477926383196417,0.4950421011516677
-0.23800353898875826,-0.6578014422287919,0.12228901688641458,2.185250923763757
0.6170730012548866,1.0,-0.9231543217584488,12.468535431020475
-1.0,-1.0,-0.8614851270968447,2.896665070381468
0.8799050406859581,0.5035734823660136,0.6455472043298818,7.268454855493559
-0.3914791383991034,0.06854367733069822,-0.45285073377710905,-0.6054345712575063
-0.45607864515183905,-0.971407040371238,-0.2815818651054307,2.778045917699287
1.0,0.2347154865491361,-1.0,9.738210129097796
0.570326280607838,-0.902713326204204,0.4313641615566559,0.6611421812649454
1.0,0.13443224874700532,1.0,15.100680585450538
0.8090205821766261,-0.09257778890047308,-0.006985311930359117,2.4026516501036044
-0.1658198200742269,0.8391431992664504,0.6613845096916373,3.8113740892789
-0.10740810403960999,1.0,0.241077840607133,7.993477138548105
-1.0,0.4599516119302356,1.0,5.585799299092984
-0.8012978294216546,-0.2999400427682952,-0.20900667458529143,-0.7098548034901521
1.0,0.26705370791337657,0.7397860058233765,11.20304742627894
1.0,0.5872233952662873,-1.0,13.85726211976265
0.6431007503377721,-1.0,0.6254590349386906,-1.9692609245726067
0.8119781488957645,0.5079666212692828,-0.24840536627054988,2.936996690499455
0.32465375438062494,-0.17968650143224574,0.1660182427601642,0.4032469341443411
0.35850505371635366,0.091975683816095,-0.10780847854675324,1.3577501083913892
1.0,1.0,-0.25164564643820375,16.323694727741476
-0.96521810673648,-0.09503304229618759,0.00670952595949692,-2.3260208542127545
0.6819425960327328,0.25536134632118035,0.8900674201481034,3.037632110873761
0.5103532584869124,-1.0,1.0,-7.212198710802159
-1.0,-0.8755567823147103,-0.3584670186913754,3.5462806945589485
0.39775230419070096,-0.595888814631018,-0.4978487126202349,2.0208590549587147
0.3203015222200849,-1.0,-1.0,-19.46836213485999
-1.0,-0.4440694692508351,1.0,7.964960678318757
-0.03796561945706611,-0.6607167323370438,0.8024240399276923,-1.0424512452115062
0.12378707755485863,0.5245733668778754,0.2006191578540355,0.6502201303678707
0.7740091727813316,-0.1879895465684338,0.974271279285599,1.5242810913006792
0.23048563063886363,-0.4127049350912324,-1.0,-5.360315283935409
0.5131312207093395,1.0,-1.0,7.117681315396721
-0.04588924408145556,0.12841571581568334,-0.7779399282553949,0.004722425952957505
0.8902323162506798,-0.17075517802584272,0.8098045470372288,4.600754588387919
0.8882119471180694,0.13356224471124278,0.10276842002604569,3.035530318143386
0.7325271248067589,0.9635611160137654,1.0,12.487228380678454
0.2615819855971029,0.6011206467405861,1.0,3.8964717421975856
-1.0,-1.0,1.0,22.56916569002123
-1.0,0.355200894280677,0.07182594550752874,-3.6238642295222134
-0.9360217251997747,0.5001520262786296,-0.1946202046417973,-2.768807367193758
-0.7639475285315569,0.2590664631595361,-0.6846945436473932,0.7775566168830261
-0.8154992765448703,0.032880664395470216,-0.2277246128922783,-2.188169961043199
0.8149618305774569,-0.2755304065761228,-1.0,-1.794534921166591
1.0,-1.0,-0.362636770233111,-10.196573803306407
1.0,-0.02046290045978716,-1.0,7.789476305143346
1.0,-0.2508244816775047,-0.7855843658982906,6.555276128176465
-1.0,0.98231050921129,-0.6932262990293154,12.462208661336708
0.4804127735485948,1.0,-0.1998343782168337,8.586857285707312
-1.0,-0.46247862843884513,-0.35142122563258216,-1.4159611939968637
0.8974038992907232,-0.04714201545333374,-0.03959870919055741,3.280659231429163
-1.0,1.0,0.7558633584058934,1.7961888732169675
-0.3338561766337784,-1.0,-0.48720849207348516,1.163332276000355
-0.49787419687973333,-1.0,1.0,-3.151563849589571
-0.44404161524236696,1.0,-1.0,1.0844763036266976
-0.2817323062213213,0.45141904883718365,-1.0,-3.383813657905625
1.0,-1.0,-0.013227342289348298,-8.377325484705194
-0.086006704541707,-0.5824345262816204,1.0,-0.9304303530016195
-1.0,-0.4262103449618748,-1.0,6.175473251719273
1.0,-0.10453129785158843,0.7536246785125345,7.626992064018361
0.9830350303262989,0.6686521597706578,-0.1865153066341496,6.154357723171074
-0.09879408555209035,-0.6202046744607006,-0.9912007534994747,-5.816855110674542
-1.0,-0.7401309278324277,-0.9385021725223182,3.852549657875148
-1.0,0.3640779155189191,-0.2300175107755109,-2.444217661996899
0.472734046245711,-0.08884054915928052,-0.5270836810289339,0.9903351197890998
1.0,-0.9550690868182132,0.623628205304851,-2.1610652229286034
0.21991423334558613,0.5898622419026431,0.7823934408527549,1.3779801172222044
0.12869225397356643,-0.5934784164269371,0.10914771278816238,0.7030885167863898
-0.5226577885721748,1.0,-0.427131433290717,6.591582939711421
-1.0,-0.09713710742721693,1.0,4.270204566282163
-1.0,0.17667176693873743,0.4142430209001329,-4.462491827610557
0.18116230784847143,0.26369842183104497,0.3058053084800423,0.4122505163048493
0.800870731598355,-1.0,-0.03546866931150294,-4.236282960683101
-1.0,-1.0,-0.150513747882139,6.073205637596613
1.0,-1.0,0.012864881433456876,-8.492776705425117
-0.1602430431264572,0.1759142278935042,0.5533147534492353,0.42729347546109564
0.08097171977849671,-0.5613924313907335,-0.526060570616814,1.4880766693506364
0.18770101645570247,-1.0,1.0,-7.416644683589388
-0.1520316728877833,0.43849319752148364,-0.21270042867153838,-0.2938517025140063
1.0,-0.6286116662727135,1.0,2.299747556463945
-0.9470683067681116,-0.49854899053591883,0.4670636308955025,0.7287304090497686
0.014045497530974504,-0.8176248652944347,-0.6015253832768457,0.5210607883441534
1.0,-0.5854570620365152,0.005261773292795757,2.246670973891927
0.6716023261681205,-0.4215889248072895,0.9128743354278934,-0.9073271068812174
0.8643730799640639,-0.01480940613177717,-0.56075221645541,2.7634142508113184
-0.7955238584401252,0.45162603347094654,-0.35809216110484643,-2.9020484703449725
0.5721079549907879,-1.0,-0.7503517722643271,-8.501243979437946
0.826011649266944,-1.0,0.672708328197825,-2.894891517143593
1.0,-0.6992538951466181,0.9539826740283268,2.007216237579904
0.48080836749836875,0.5877619132833596,0.6733642452998281,2.291992519421468
1.0,-0.028870637146923173,-0.23446624677238792,4.024979137084594
0.4854229034830613,0.4179667115278831,-1.0,-2.130630156390632
1.0,0.12915776609540597,0.2774069953017966,6.878004143109248
-0.38544250725674445,0.32617314816558074,0.6773922820745897,-0.08692890307724432
-0.34579297763225325,0.8897318443169151,0.459979775145408,2.670471412478501
-0.2608500886563567,0.8289379891455582,0.5045246209998469,2.3354955811348304
0.18147555598582876,-1.0,1.0,-6.435328082913812
-0.37979541940663974,-0.5602465996025456,0.8504779257046085,0.49655212782976416
-0.07024816439635106,0.4610596359985235,-0.1894181203789751,-0.46334687517227435
0.19703398474496736,0.49900369859193505,-0.4243788314985357,0.9456673723125402
-0.7668701735219228,0.004445106736497895,1.0,1.9259366225504226
-0.061074111188361035,-1.0,1.0,-6.724206340619641
-0.1325919308283392,0.42769271849307433,1.0,2.5496118230125906
0.4728294451017385,-0.14490973401121088,-0.556303995026415,2.0895871448487124
-0.3197966343157499,-1.0,-1.0,-13.72960578460379
0.03878487605382497,0.8278984675618979,-0.09006437245762533,2.044468881311931
-0.17722115346101086,0.5257185771753732,0.48732759358922983,-0.06640547148857215
-0.23336971987021604,1.0,1.0,14.942879226809096
0.3988596416490313,-0.5080249290222218,0.7838028402171584,-0.8332446927435306
0.2007666193140185,0.29871501754618013,0.15256883870450455,0.7241416891372383
-0.8093795572113045,0.1301316598023201,0.8504668791953252,-0.840853895001026
-0.6971186123747315,-0.6137268361957129,0.6657369302262073,2.253738454456836
0.22139033256900076,-0.7912041647732555,0.9453183651083723,-2.5365295667021663
0.479535766848491,0.553891330123498,-0.749215672456707,1.2982910264298844
0.03497028161640059,1.0,0.017304014908666288,7.393907431411171
-1.0,-0.9072540509995553,-0.15935667288657185,5.009066431887613
0.2210483694502403,0.15563498524264885,-0.3712829551695167,1.3667282044844984
1.0,1.0,0.0875969874710465,14.152327537162964
0.3354428815033266,-0.4943632248773391,-0.12703417697320862,1.2125678462595428
0.7479883565989973,-0.9494417442761804,0.9671161414048419,-5.180089060837916
-1.0,0.6435928147576437,-1.0,18.922908749296028
0.06450020293539405,-0.13665414262882503,0.776179675463996,1.2215274568793957
0.1329023059486658,-0.7030097881157209,1.0,-3.443944486540784
-0.45617145303913054,-0.1417714161812036,0.15763465297568358,0.22597031377315877
-0.4067509767121542,-1.0,1.0,-3.6740160478650448
-1.0,0.3054233671811668,-0.3178795986394134,-2.729373520551418
0.7262278356242424,0.3221636711186193,-0.5302854743736323,1.2222713585722236
0.10933835278772319,-0.3957088618623479,0.9835234005879576,-0.821926974356846
-0.3765593428370464,-0.19355567750495473,-1.0,-2.646641270790987
-0.009168154405679196,-0.3252866991697121,-1.0,-4.302544510953743
-1.0,1.0,0.8941819645638049,7.472307379923024
0.4346043838925058,-0.05228052814514905,-1.0,-2.82269244754294
1.0,-1.0,-0.0023606757517227184,-8.004313764329227
0.6139610901726635,-0.8109186862773821,-1.0,-12.103874293989291
-0.9005145866622559,0.9386915219477927,1.0,14.79551955375367
-0.5173338208764484,0.6239247038560671,-1.0,-3.2776050939851054
1.0,-0.7431595842932419,-1.0,-5.036188503385809
1.0,-0.275569986036851,-0.33073645391978457,4.7542610507719365
-1.0,-0.33508292076510315,-0.24808244591266515,-2.974433728884556
0.5679652552805421,-0.2626512984792855,-0.39496855333606473,0.9604603666238933
-0.8027591204597253,-0.3825169967151123,0.29820579670124925,0.24966646394164296
-1.0,0.45496411298345185,-0.8028791022406756,6.584686434055032
1.0,0.02605694109640866,1.0,13.35939793180906
0.12786448925322258,0.4737932121166648,0.23929019632590398,1.2493520061265078
-0.218119291596496,-0.9397092155072184,-0.22779693012452196,2.5941745792610877
-0.6570490780007965,-1.0,0.3720492408489453,4.858887689382243
-0.5559191625247644,-0.1883687089658812,-1.0,0.2548795795664113
0.2989609520191632,0.948078265210418,-0.5152030462529704,6.873656564151794
-0.6800095727452451,-1.0,-0.28291235878682497,4.111794839265984
-1.0,-0.23442154327508224,-0.6413980194451125,-0.8221815383603513
0.1225843986523465,0.9111036666643104,0.06713210953785587,4.5776429385271715
0.27487565413028814,-1.0,0.8673063817908047,-3.581296164243723
0.0388769966847613,0.7733133127224572,0.5232237838910845,1.9481076502226804
0.5518237055685233,1.0,-0.6928272047884563,12.473137942824843
-0.313052657432801,-1.0,-1.0,-14.584958557475368
-0.6504492978343726,0.05382086838289801,-0.05137757428309664,-0.9488616201394928
0.08922295564322402,-0.5676856103247456,0.29499128183312595,0.944320049864029
0.1522629028880771,0.2447752207471363,0.5639597892653381,0.2875235282106887
-0.5427569646898693,1.0,-1.0,0.2256901767383745
-0.5534495940968076,0.7804099897387129,0.9227355573688878,6.057743965049546
0.1709247102119853,-0.9507721570074372,-0.8924152155642164,-8.733575215646903
-1.0,-0.17041172176467922,1.0,4.462173178885267
-0.7106410146156534,1.0,-1.0,2.0153395825867078
0.4347048304908292,-0.577009854485508,-1.0,-6.818497614419994
0.5258516759269494,1.0,1.0,9.722862580935788
-0.8854387571018145,-1.0,0.9454424300410247,11.215027061151826
-0.34535481932170664,0.699462804452748,1.0,6.2100566881767705
-0.5777182481599534,-0.2596139485824225,0.4007725100478514,0.3945213220964497
1.0,-0.2827437258712686,1.0,8.124853150883458
1.0,0.5865386295488844,-0.5511986032703233,5.798332007799085
0.3324384372903808,-0.9928150697393048,0.03949789255984215,1.7865612582317478
-1.0,0.9599624908752202,1.0,16.499066193741783
1.0,1.0,0.631642851272239,15.77217723141654
-0.5922658843503787,1.0,0.7299906812512442,6.7264872551165125
-1.0,1.0,1.0,17.521185568953406
-0.13558825891189752,1.0,-0.5187710665992258,9.004499553860628
-1.0,0.1584346967511383,0.6891821677275947,-4.142605547542119
0.3570652254649276,0.742750013978029,-0.7965713327380453,1.3167981262437538
0.09986738922135174,-0.4030216652656218,-0.6867251024939638,1.0654874701982693
-0.8144686236269953,-0.2704624796018178,-0.9735631249069965,3.3918173981703834
-0.8524577968397982,-0.24034782306898705,0.5700483943184314,-0.37918298842621573
1.0,-0.23415743861208216,1.0,8.482875017518392
-0.49939491399724245,-0.42512811255797534,-0.00485971757309045,0.17733514195019096
-0.3780746072893595,0.3345061755044185,1.0,3.1342662395937024
-0.8683167866341486,0.47941632391551026,-0.12436222585527879,-2.7871238571687655
0.6175181151875726,-0.31990053317768496,-0.6877335120444295,1.1636974307373704
-0.04309871626722206,-0.8039637487350468,-0.49965779619300665,1.1069558364726086
-0.4504617002250553,-0.7517015288865618,-0.42941667740112055,1.90151770352818
0.05409544527517762,-0.15111417948203743,-0.7456253023081554,0.3980009150174755
-0.7803831268683152,-0.9288152514605668,0.8114989148873359,6.591576626890711
-1.0,-0.09562147041679392,0.022218903173066185,-4.3382432135077265
0.27001175302914104,-0.8457059054857903,1.0,-4.354221188455244
0.8582825267419627,0.282208861533104,0.7251008729474004,5.868665526544094
0.0770826771519606,-0.5929184835293237,0.5263651194476968,0.736609299470962
0.4643781281866366,0.3199796653826237,0.7037410619225897,0.4862561348093002
1.0,1.0,-1.0,39.30576535440223
-0.9988633043403308,0.43568886773844295,0.13873826978872184,-4.488748211011405
-0.9869034909754166,-1.0,0.495592793396854,11.95800438561449
-0.20779777784853026,0.08650369120554857,0.0016611373219990178,0.8590834498591067
0.017713410374906147,0.27325420553436075,0.5697065121102121,0.16979420879189874
-0.890911244491851,0.031222821338037443,-1.0,7.210708730149731
-0.36213008785161915,1.0,0.9729107207167329,14.593151475400246
-0.4545745121932965,0.22482174826972479,0.9500433590934112,0.799961087650858
1.0,1.0,-0.08934812639367973,14.711194563110435
-0.23966392200817666,-1.0,-1.0,-14.98018516308232
0.6212772448406176,-0.08391572162855931,0.16555802572748024,1.2283577573244027
0.598514337215927,0.2590634040872437,0.1475691742035783,1.2481833412445662
-1.0,0.11575692863581,1.0,2.997423058627106
-0.330662517535268,-0.16961918488217598,-0.9578409202914566,-1.769442008703095
-1.0,-0.7405923743297951,0.7982577833218605,9.457726333218261
0.666190025298796,1.0,0.35940085011867295,7.135439709136797
0.7259274316538182,0.2823674215594709,-1.0,-0.3538719585647145
-1.0,-0.029204533983751224,-0.5547107607869426,-1.2631389850986345
0.27639384666343325,-0.5975451618288536,-1.0,-7.253918456934838
1.0,-0.07142769637309665,-0.2579001324280117,4.4943349930719245
-0.3257582973946769,-0.12488341027958882,1.0,0.854091409458464
-1.0,-0.2798139523250889,-0.2678250726802913,-3.1594324978394885
-0.0419002414394809,0.5965326065334962,-0.5634509468278264,0.1636131906525265
-0.7429460717250769,0.5546920288101194,-0.232577988191911,-2.822823770468927
1.0,0.44874758551108496,0.33901580914774865,7.649373389597839
0.6041368844487902,0.7445444987658238,0.10935328384118215,2.5073572515333735
-1.0,-1.0,-0.7208393678142799,3.694678538223319
1.0,-0.4165993371548904,1.0,5.974559897610159
-1.0,-0.2119131573489097,0.18392436920119382,-3.9329505799098574
-0.9483787758746027,1.0,0.29023494757303747,2.1870292031659346
0.07088687825460771,0.4844599218446666,1.0,2.064903787333824
0.5840848370056442,-0.3232265139590411,-0.15645883378502923,1.8548068099223323
-0.34909043532150674,-0.4439331566586908,-0.37724181400741164,0.44912245459254047
1.0,-0.5180013424559677,-0.6373197604096064,5.5014534359303155
0.053411939849911105,-1.0,-1.0,-17.91719612178884
-0.12965252686954543,-0.502007179214639,1.0,-1.5008856447344456
1.0,-0.6141402986748326,0.28498629628936656,3.465924938296475
0.31446467851106874,0.042981326199529546,-1.0,-2.9412357451700606
-0.9548152014631615,-0.14602814883886284,1.0,4.501190776034356
-0.2421025213557919,-0.5501850687446306,-0.35857641711081767,0.4832470022605153
1.0,-0.0177630158150881,0.001132980363389935,5.487906939808138
0.24968743462121412,0.3522151748517124,0.4712834150564138,0.6577980725297756
-0.8458297889135844,-0.6041858142868028,0.9025474101090385,4.237966726981929
-0.9497938178595349,1.0,-1.0,15.500229138542258
0.3115661367781819,-1.0,0.5717858988804512,-0.4426504299559329
-0.27043968372428906,-1.0,-0.7552315065472452,-4.805400225528868
-0.637557788114234,-0.909231467418143,1.0,1.794779175207739
1.0,-0.5097233284194642,-0.3979163350772803,4.677888694359637
0.9533950613791411,0.6342763720869276,1.0,21.767086037431298
0.7895477741007413,-0.6352840484889348,-1.0,-7.485104297498471
0.9634919382364551,-0.3868987648071842,1.0,5.102948406762999
1.0,1.0,-0.9753395904359761,37.412095404094096
-1.0,-0.25699664938839595,1.0,4.998571398905168
-0.3176696255238003,-0.6081556840780618,0.8294368018549614,0.6284244665188385
-0.39806598899432033,-0.3093299981760629,1.0,0.942850855645821
-1.0,0.7689487333548248,-0.6757953582082972,6.789719051336397
1.0,-0.9005716764099927,0.5917053324146933,-1.058705936615895
1.0,1.0,-0.9034572878258929,33.33591599642527
0.6149633618872474,0.39063690605082635,-0.3038767607005195,1.0618827772242767
0.408232675943798,0.32375151362395305,-0.41984154489740266,1.185292679321664
0.7183427571230101,0.07350766578209456,-1.0,-0.6511077251177924
0.48218497309777386,0.5427874496364784,1.0,3.9355027407662493
-0.6196756277487834,0.5325191631273081,-0.4028249205267218,-1.8529186055093456
0.7526427242627511,-1.0,1.0,-7.992905159128658
-0.31701490256004505,-1.0,-0.35542151367764707,2.7977336072831545
-0.3975952087134862,-0.19384635822335095,1.0,0.6090529466752828
0.023727293776804936,-1.0,-1.0,-16.49784416393369
1.0,-0.04480318083632606,0.2897785735281515,5.112690085585214
-0.8421325160040074,1.0,0.5132080543233901,1.9672380893207846
0.9904916571830216,0.2565967975831911,0.3443684579841877,7.193634679867365
1.0,1.0,0.7938099620608756,18.11967606643269
0.5029139945155252,0.0010830082087402992,-0.5277849151627845,1.0901424539225928
0.6734484665041949,-0.09577964485492463,0.6372375365521581,1.6806338497623188
0.8027977587097823,-0.16899367201575455,0.582074873402773,2.881622088601608
-1.0,0.2795469808357216,-0.5981322637228867,0.3714058674647927
-0.5852176473301547,0.24300465528016302,-0.17238884615643468,-1.6900871613051183
-0.1600652294253777,-1.0,0.8769598636118296,-2.559654062566267
-1.0,-1.0,-0.9965627816368743,3.709357156603733
-0.3643763594750318,-0.5999649735416459,-0.7566664680856583,-0.27997423757245854
0.030001002631689255,-0.04320869290952234,-0.8968468651681638,-0.7931198033133223
0.3137656460985203,-0.00399555744148028,1.0,-1.105404771528963
-0.5793451345799163,-0.8318117373935934,1.0,0.4667235391761092
-0.06788309306063733,1.0,-0.5339560114704744,9.166592982794956
0.7628006806947008,0.9751473904289683,1.0,13.71388485871326
0.8459093559377497,0.30368422731017386,-0.25254313949406937,2.8839907743441433
-1.0,0.6872965881572415,-0.20742133477387603,0.5731580402787532
-1.0,-0.4744769012755279,0.3520390695079636,-1.4773129589974423
0.15436623244477143,0.29233229073589695,-1.0,-3.2926958227173793
-0.5620991191193638,-0.7221830676596879,-0.9963374653731107,-4.387899335029205
0.6318841852803643,0.14578720220331043,0.5095937603308853,2.2430811400600748
-0.8117423752709032,-1.0,-0.38457693931227266,4.548481247973896
-0.5517685498694769,0.8438060813953967,-0.18375595171398884,0.7551279005235059
-1.0,0.7827805642419525,-0.32406476920506777,3.2725242966274433
1.0,-0.8670387686251235,-0.9583938225203241,-9.317721323106365
0.7581222344726173,-0.6736738095844765,-1.0,-8.595314231213909
0.20502667000782204,1.0,0.45871380799004036,7.588708512843696
-1.0,-0.1526954307970887,0.6199880174374113,-2.427939326124126
0.8755784312216721,-1.0,0.8620342383776523,-6.086986532061492
1.0,0.5822564353736266,1.0,23.891519092095365
-0.8096190486779293,-0.21801330129829588,-0.35420052213852404,0.11298815298895476
0.19179019293329724,0.08575476409730154,0.08073911337268691,0.9273632600219099
-1.0,1.0,1.0,17.98049596185643
-0.08428686024708099,-0.7981483563147866,0.13045359819500701,1.8246757191220437
-0.5072960758253606,-0.40291805256925306,0.18936958024952455,0.9281348468144962
-0.3726948314708609,-0.15787034685609203,0.1717563897899681,-0.1792995304808509
1.0,0.6930774238578872,1.0,25.547203120809275
-0.056221524889275676,0.6380811462632847,0.09962729644435853,0.74887354093202
0.5306692553393269,-0.8441330937787808,0.8534570942229036,-0.9505067831949255
-0.307061465864362,1.0,0.3909895679391828,7.076736196670951
0.5928654894699581,0.2614619681525323,-1.0,-1.4549252638452996
-1.0,-1.0,1.0,20.72002019839094
0.6961732415435677,0.8481230627474681,-0.5734899995940101,3.9444408036683236
-0.04804033684810283,0.40505512019971746,-0.7521438627870525,-0.6404889308614528
-1.0,-0.7042080209921504,0.3818149221119138,3.1746130160344648
-1.0,0.4481348424636624,0.046117407801454346,-4.18047491867699
1.0,-0.17796999146031944,0.5108767489410697,5.64863442517015
-1.0,-0.2752777121482124,1.0,5.660317449324723
-0.9954393182236252,-0.4145618637999673,1.0,6.787572285754235
-0.28504426568341223,1.0,-0.7360918483283121,6.543060991616272
0.5027622961847424,0.1407893504039972,0.7882812190907227,1.8145557069738942
-1.0,-0.225258843085808,1.0,3.9959002831785857
-1.0,0.45208250568285857,1.0,4.7716783835752254
0.4594835515969762,-0.9137150177853248,1.0,-4.790644941336897
0.42927702146383107,0.595876560340149,0.32245268826660034,1.5610296177874172
-0.12126105417028854,-0.3377311095654296,-1.0,-4.333794955067985
-0.6129384611965123,0.07512244887020625,-0.04231790191194107,-0.9491877575913348
-0.04675726688917181,0.12051194821437772,0.3046893400212738,0.3401577432117482
-1.0,0.06987898134609649,-0.3175789271173233,-3.8364296266023885
-0.8475535540902315,-0.3365327335989867,-0.44929490045544784,0.5177053192451655
0.12824679870403566,-0.4072608690143116,-0.7881725210353425,-0.3120638366263242
0.6525521758579649,-0.17557298170986302,0.1918116356218602,1.654115250744681
0.13316550617278033,0.4363209038606257,-0.03348609015594883,0.1316791972091384
-0.13743984188212388,1.0,-1.0,2.3283722495146812
0.6795669007234588,-1.0,0.20051111593918725,-1.8356051751442262
1.0,0.8796065170767264,0.6619004533607593,16.151948959084613
-1.0,-0.784373604652532,0.18463013831850072,3.92876078644925
-1.0,0.41145336005518884,0.06836066743124847,-4.6444744541088
-0.13958688867223978,-1.0,0.7948429498070464,-1.7780950506571955
0.036516358821313766,-0.02467525287164829,0.019868998103415025,0.6065388012997113
0.3862349794133251,0.4603643492201108,-0.9746476160720658,-1.7638166085415177
1.0,-0.1780802850567762,-0.414727895246646,4.860295640726993
0.1919081319337992,0.8573190164075384,-0.1866210321134283,2.862718355629558
-0.10044847538085744,0.18680079905000535,-0.16787200089020105,0.1578049770841756
-1.0,-0.03332430824434973,0.38864890696345045,-4.013004017108162
-0.5151959063761691,-0.7535747446389423,-0.33036938791147286,2.575575253704488
-1.0,1.0,0.5497648454404442,1.1144476827468235
-1.0,-0.8556622168500414,-1.0,4.912144959815674
-0.37700059988354573,0.36455805448177525,-0.07937685050537402,-1.5386698866392736
0.7070790852389592,-0.3077628362963152,-0.20225010237010155,1.7544678424047857
-1.0,-0.12007736336539843,0.6008071391198788,-2.7950011216221426
0.5041785317757119,-1.0,0.9947661177244662,-6.949461698186044
-0.049038544785839244,1.0,-1.0,4.076486593840618
0.8467012813106269,-0.00472096714257475,0.7209664497373138,3.3966763616552638
-1.0,0.45000891295215495,-0.6373287561294527,2.049163854762217
1.0,0.5718554710359063,-0.6934377793914004,7.005019043795023
1.0,-1.0,1.0,-9.35754533696108
0.3177725236774076,0.1225278841338786,-0.7194867494345591,0.3968711084786413
-0.932233539428817,1.0,-1.0,13.055617986753514
-0.8620376709963289,-0.09371620939680203,0.42209631279481963,-2.084664477358407
-1.0,-0.09352488302553352,-0.7154936602780213,0.33468581862338215
-0.7228275595581704,-0.5797597886361106,0.47215164415059974,0.7778695683543972
-0.1605022950881969,-0.29054325894532074,-1.0,-3.2503490396367964
-0.7394762560018378,1.0,-0.37497906364697253,5.326536859294743
0.7157991906225774,1.0,-0.4849991417819859,11.257953180735534
0.15837009862316753,-0.2676219252481582,0.26600494321366197,1.3105039059829806
1.0,-0.2059302059877577,0.818069358465614,7.6865248564660735
-0.17044308052904933,-0.7691454248358454,-1.0,-8.432988758307141
-0.5153289810161894,0.41733785931700185,-0.2933558443263766,-1.3511312390262074
0.4133337668388213,0.2794636585329917,-0.011390662380354355,1.4618164217883685
1.0,0.30418737002056573,-0.3120868166008468,5.041390856763413
-1.0,-1.0,-1.0,1.7727851635587366
1.0,-0.4818023269444147,1.0,5.931404984433332
0.730483162015749,-0.4136176646124903,1.0,-0.785307782246897
0.18149686806533083,-0.026364258299309773,-0.45169488573048433,1.2274578304294232
0.09895664534702386,0.12343358987554343,-0.40344396466201493,1.098878010188778
0.0767276263272978,-0.7765751293729699,1.0,-2.7910509986863072
0.09300892637826719,-0.9838165896896045,0.03668863314920867,1.1485068036164603
0.1526937686919403,1.0,1.0,11.993166542758194
-0.29093608352112144,-0.5838056196238051,-0.3737696280796148,0.7376695879549906
0.30140262714373045,-1.0,-0.7715459588708495,-7.498440881344171
-0.5013692973222084,0.09608577119587047,1.0,2.204976281695753
0.44987001208513755,-0.28506106000149956,0.08010864723396738,0.650441641576195
0.018142916442175583,0.3902327704250206,-0.30800817116856005,0.08732323503487027
-0.04378208325095945,0.06499423235861279,0.39500358666471813,0.7176938903761219
0.1963641191880996,-0.18451529468098005,-1.0,-3.8636434893005975
0.049082082186449716,0.3389689877347146,-0.11962840481720027,0.5845520195593022
1.0,-0.1151687791516276,1.0,11.049890017281696
-0.49029402036734004,-0.9905423870384742,-0.38571726554855257,2.96692718405398
0.014080798291220553,-0.1886202408066484,0.5960642476503581,-0.3416745999312812
0.13782629496696486,0.11359751708673782,0.06458338220393545,0.4026400686163067
0.28304461693943495,1.0,0.7236702632141403,8.845324278686702
0.705269816736352,-0.6454573232891321,0.28175924301674016,0.865919213225806
0.16674742259397335,-0.9769807549602902,0.04107093985811061,1.6989090309397867
1.0,0.6151558218992352,1.0,24.37876376252554
0.44669779395500764,-0.4192570495727901,-0.4558980710219027,0.5084915943390195
-0.2539122191072951,-0.09386818719811396,-0.4068067476209658,0.7885245094113318
-0.6311228479672528,1.0,0.713836858768264,7.011182164224222
-1.0,-0.8641167350007877,0.9084219668770046,14.55497668427484
0.7658795175221011,-0.06582219930759159,0.45369671110810406,2.274805138447047
1.0,-0.22239932149484853,-0.4120925053713502,4.783471963220547
0.5637208422540814,0.2552812829596609,1.0,1.7696160348096144
-1.0,-1.0,0.0095359967955162,8.176059452733893
0.04353712737231019,0.008922406349478607,-1.0,-3.6221297621057746
-0.8232380921436466,0.9111916591277658,0.13901224845137783,0.9519275587550804
1.0,0.726123951895876,-0.16668004332453368,7.246388873645798
0.06438849118830992,-0.23527726887709433,-1.0,-4.00212713549191
-0.06595887653400823,0.3696826386559484,0.7488398638113729,-0.1261081998304472
0.389054785827192,1.0,-0.42342753573619096,9.86180449217022
1.0,1.0,0.7358711890825302,17.35457108426449
0.4016289955761807,0.12237110721390443,1.0,0.4547188242128569
-0.3573132028325954,0.5561706838975238,0.6705492773065613,0.574352535108174
-1.0,-0.5371511548378558,-0.3050479393464365,-0.054693560881912906
-0.21623718942791315,-0.38410722058222,-0.10235102993400491,1.3576170987036917
0.8703070367461887,-0.3095564646367539,0.9554915713630328,2.063802202109821
-0.6666127166618581,0.3713941545387103,-0.4666639550177014,-0.8804870416646586
-0.2672729369520357,-0.098059503542552,-1.0,-2.5433316136511785
1.0,0.5891597562972648,-0.7739533085359502,7.761875560952602
-0.4928636768148953,1.0,-1.0,0.22592866108300125
0.6754714628855873,0.4529785860273521,-0.609895217755428,1.2381893203416203
-0.47836407676329196,0.7018354358308814,-0.15784360454964386,-1.3216308774092562
0.03205261602053766,1.0,-0.7836559230704221,9.300404182535836
-0.2750679966422829,0.2136658452421265,-1.0,-3.388713817494899
0.3474226566838532,-0.38340453056176993,-0.20529780988660784,0.7540094276196165
-0.4663042404374236,-0.7205677655234839,0.5115995452256632,1.1380274888454458
0.5224980560871448,-0.00010895955294754067,-1.0,-2.867590894558544
-0.926623988732969,0.3301134669386372,0.3373307209943366,-4.525905288463042
0.5164912849713335,-0.42174281679503234,-1.0,-5.2686517994895015
0.4841126083959608,-0.10707064795485244,1.0,-0.9430732339361514
1.0,-0.2597122712632549,-0.013165491897114023,3.703685912582245
1.0,0.5546188763780893,-1.0,12.877131396513345
-0.8339925206344971,-1.0,0.4887718092509412,7.948992440969167
-0.13628841005251102,0.0037973492738354597,1.0,0.8624328644473809
-0.3006946727297113,-0.8837343201082384,-0.21601351308995942,2.4873273584054103
1.0,1.0,0.24222599923263255,13.467414814811342
0.1777671137783292,0.38983828079816885,-0.027738519444268084,0.5315266950651067
-1.0,-0.2239677333759269,0.5028985892468125,-2.4038118082248934
1.0,-0.3743575026264361,-0.9472277045415267,5.605140967210682
0.5686835432714359,0.7394428173924033,-0.43331565074348366,1.8628846935200938
-0.0011366358053739312,0.5162121371891086,-1.0,-3.3039429228607036
-0.5057928339030926,1.0,1.0,16.099640609469354
0.482931975124653,-0.47530043864840943,-1.0,-6.157665165490021
-0.08670741772774582,0.16665689475771628,1.0,1.4180862110333288
0.0723349508050386,0.7899076821916078,0.3963064661041533,2.3296290800474844
-0.23672546604950906,-1.0,0.007943957408065083,2.9026451034233602
-0.5524324287302893,-0.21909585282250954,0.4998000330197645,0.48009939127797063
-0.8327805735592708,0.2954892410892507,-0.029177516730120034,-1.902708020641419
-1.0,0.031057253371443938,-0.3086592733756248,-3.6229204093672833
1.0,-0.11566491075727403,1.0,9.88093817348077
-0.06060115381772446,-1.0,-0.6881419886702562,-3.442784572881484
0.6394179014765642,0.2674804870331564,-0.4791036025199056,1.4462355195173044
-1.0,0.701740150226668,-0.7549263008469873,8.530004009675856
-0.8883860512706347,0.9866048531274572,-0.9329331215016659,7.594441615866785
-0.20828135896266375,0.8399061417986893,0.35698287429224185,1.9567261754462812
0.1867405325669398,-1.0,-0.0815632074151087,0.8515209026037586
0.14758019316470983,-0.91988631692502,-0.320834374359767,2.1070894363329673
-0.21015228208100578,0.45814039217283864,0.8754442358603578,1.5582897160811346
0.4175901348364224,-1.0,0.4035159103809125,0.8433921619191213
1.0,0.2514070963005792,0.5216822586326115,8.453632670764915
-0.6448956152361998,1.0,0.9502996063367826,13.90796720500256
-0.2676651145928217,0.8984127639689061,0.051802775569831816,3.3475100082292406
-0.8050856384894811,0.5858791235475072,0.28801871617359054,-2.7902525725888268
-0.40488009560686744,1.0,0.7357679874468426,9.068021681271285
0.5085004178947186,-0.02307929559184263,-1.0,-2.5340874427244895
-0.7939914925747715,-1.0,0.4322170314943976,6.335210265090394
1.0,-0.9287016326443593,-0.6328711098862521,-5.648790786007244
0.24157351887436462,-1.0,0.9159804703411549,-4.35270497309171
1.0,-0.10497104233704802,0.09188111141421929,4.3554227702868085
-0.3220718969034704,0.15351031850246621,-0.1883480136386282,-0.1555973919228601
1.0,0.41931213831110514,0.0855525236412189,6.625054043218057
-0.7820986115910114,-0.10479311337227837,-0.9048022209127795,1.6214721275773734
0.7355833244801036,-0.6410492838030875,0.1621109507260432,1.0540632439324813
1.0,-0.49649451274371614,-0.03588888669319834,3.655551745508686
-0.01820174473162739,-0.6246145878348068,0.6092782818950409,0.9680544744279908
-0.2138982700190344,1.0,0.19136269363795644,7.203724874643512
0.35025093714150457,-0.9804052020811533,0.24515296396247077,1.333085385091798
0.9718673839620826,-1.0,1.0,-9.44822444297298
0.36967050045238703,-1.0,1.0,-8.096459373181908
-0.49474656485142865,-0.7355243156652722,-0.8324625827270056,-0.4914409582346997
-1.0,0.13553677118212604,-1.0,12.916034089339847
0.8908801269171562,0.2296264159350787,-0.3217891580634096,1.9563614731039265
1.0,0.7166472484178996,-1.0,17.241342289957867
0.506476845309022,0.06291619728869957,-0.3819394160979763,1.2848240239682944
-0.04926529383308931,0.5979847239434872,0.42034045178737034,0.5216969248398945
0.6794223606129641,0.13501934617337508,-0.3749556247443797,2.2548666560406483
0.08506867778166272,-0.8722401370879624,0.1377055497029136,1.2603976060846216
1.0,-0.33286306126468723,1.0,7.309396244536556
-1.0,0.8400608498933135,-0.695616902262562,7.834797175838633
0.4613211506522765,0.5038991140487197,0.18099566879181084,1.061561139503748
-1.0,-0.517535963646899,-1.0,5.667650729879616
-0.5713009298082203,-0.01830635584909568,-0.048960840607340295,-0.6523951991870682
-0.7508936731025666,-0.01508720473282077,0.6899783645196886,-0.19464923995957756
0.5661910617617769,1.0,-0.7120006086435529,13.421584114248967
0.3398789164470748,0.3198494272828982,-0.6362723603786866,1.9247286200798293
1.0,-0.9925100236889366,-0.5031414489631927,-10.240740059849708
-0.3956166598151669,-0.2511305200821221,-0.062497547658906916,-0.18549107453147157
-0.02561765150525086,0.8126752234037908,-1.0,-3.5740627830576788
-0.36081052048548146,0.5196950649903287,0.04377800402699039,-1.1924893589823533
0.3999921903590209,-0.9968906574225209,-0.014373950256244994,0.5783917005519794
-0.41915117185351436,-0.02002784979084371,0.03524059640153787,-0.08550363354896207
0.521413943293594,-0.4235144234177446,0.3447755467000926,0.37527964134564973
-0.12980364110787912,1.0,0.11767621519281679,7.972562651971188
-0.3194646491719486,0.1131608056396256,1.0,2.134984637309456
-0.5588462762768536,-0.04674427595551922,0.13308198092984935,-0.8800244443417007
1.0,0.0031619674166560863,0.25881903702180065,5.273192087595143
0.6942672876358598,-0.13737325484761076,-0.7732415244773432,2.3603812447356263
-0.2138113458794202,0.20488822202057455,0.886602866135503,0.06327868407451975
0.42074540159321283,1.0,-0.28027263316099127,9.821504747452222
-0.16470205919701053,0.8515031545144951,-0.5366351933782114,2.843282394791392
0.5377830186856776,-0.14915815114008746,0.8701520727282979,-0.009721264279678246
-0.3254369855330359,0.4865876236010769,0.01563735121454024,-1.1528163859897578
-0.48634726880840295,-0.40432555286368954,0.48481035317855126,1.21667957580989
-0.7678042724406628,-0.5376978981401017,0.08270556373594684,0.8067129965147949
-1.0,-0.37730151484219565,-0.7364761557144424,0.7937475483305652
0.3279835091464718,0.07904568269740064,0.41482578892852073,1.3241705837132334
-1.0,0.07116056302449181,-1.0,12.127322496405629
-0.669678319993017,-0.22019904956270242,-0.8292792361258052,0.4517762860800759
-0.5579330264876492,-0.08790475909046624,-0.9377855619840174,-0.2587072797658743
-0.6628976577707166,1.0,0.21322664512398548,4.849210774818584
-0.403188137938427,-0.9784268789013184,1.0,-4.0423015724656315
0.8039811916721515,-1.0,-0.32748961929423004,-5.087377850566026
0.388302183961891,-0.03029898229715733,-0.9745940662321573,-2.2102569187481236
-1.0,0.3625485115926774,-0.6056445452921089,0.8985857623033544
1.0,-0.14318060081783845,-0.21609051505845311,4.591131109738739
-0.7568062602771668,-0.8366541866839312,1.0,4.987685036911028
0.34505308076779917,0.585484782009233,0.8916627748412767,2.108482310335015
0.010438592534359525,0.6114230358040638,-0.4627663882864754,0.9782163618939971
1.0,0.9617725058933684,-0.1951104871733642,14.18016078713253
-0.016325126922954958,-0.057691895340593824,0.6633157344599963,0.9283379042392118
1.0,0.09083271482665567,-0.41148832516685996,5.37217996192629
-1.0,-0.3826532599291348,-0.6313582481155777,-0.938608784028101
0.3215566421205749,-0.502614486040108,1.0,-4.1033722328873985
-0.013497367935463522,0.09538285090215504,-0.6735244449584126,0.82424137017169
0.2062618912380363,0.04251302290102621,0.6764220547980468,0.2903766795838869
-0.9514610158640049,0.8847195275247168,1.0,13.298270494424171
0.8065904543402789,0.38815902216664155,0.12090836361679025,2.291217846964458
0.14028922894778195,-1.0,1.0,-7.451222856731263
0.9834212968041611,-0.6776342423290005,1.0,1.5887736033669886
0.540642479029267,-1.0,-1.0,-23.149076178036104
-1.0,-0.05718774096163082,-1.0,10.16978121806665
-1.0,0.2923836671689404,-0.13239917790264943,-3.667321022917619
-0.08213306292686084,-1.0,0.2627683164307899,1.9047748811039957
-1.0,-0.15118432190910291,-0.4736247234996198,-1.7668176217665366
1.0,-1.0,-0.6025485523087135,-11.805731637553945
1.0,-0.9144467474959634,-0.13029873796709013,-3.0395442630890086
0.39409825912174945,1.0,0.11374782082062729,6.80020894194794
-1.0,0.6707382177766703,-1.0,18.99202100080984
-1.0,0.8706996340738198,-0.8437669795099754,12.004358051163594
-0.6657023631888228,-1.0,-1.0,-8.46978210017659
-0.424561531252412,-1.0,0.2972693146739027,3.1856444106996973
0.0605906838689112,-0.25026149761897587,-0.3023168992711478,0.6253136267108335
-0.05172751936816766,0.20598370672915967,0.5148937823415951,-0.3919675800672704
0.6020064370057305,-0.6344239481886838,-1.0,-7.869796728581663
0.6901737344080572,0.4682005159716982,-1.0,-0.6635527316852029
-0.6612350767109032,0.14253986799938834,0.5197617003896315,-1.6072062740059745
0.6443045617756542,1.0,-1.0,9.938952462429203
-0.45822266164922,-0.3257113818314492,0.7094572256759661,-0.4471192090608661
-0.6118324827117871,-0.5042436018290448,0.44566584327806336,0.361595108661919
0.6842837626253504,-0.25091710304828774,-0.4623066353553742,0.9728013490211063
-1.0,0.1422024413380174,-0.6112905931110559,-0.5568041522073864
0.5613557869993151,0.2557949128650707,0.9367275990828541,1.897578423667949
0.3438765536192514,0.02036864946227812,-0.6085460347283762,1.5547806172142224
0.5923432804748792,0.9482446954447248,1.0,10.34997535279191
-0.8222543616598426,-0.6088758636024618,0.9540914338844848,3.9821471924069205
-0.07302544235112118,0.07094318206399564,0.8915024020001521,0.3435823232972183
0.372581449798127,0.2542704731511827,-0.06326582800599345,1.2565456991128405
-1.0,1.0,-1.0,22.556269251212086
0.5631665969461408,1.0,1.0,10.627707391038692
-0.5351459147933888,0.1724714311144666,-0.2363926759428101,-0.6272947259826345
-0.7196865006552067,0.46899845030909715,-0.83915622252138,-0.10661219009401521
-1.0,-0.6512856713906281,0.06440516818793074,0.7211544517909393
-0.14583597995830178,0.6268413919556912,-1.0,-4.037376850044998
-1.0,0.002185106494640099,0.05913901115583764,-4.545269119610596
-0.5071701784182381,1.0,-1.0,0.500990499944058
-0.29369855847288884,-0.8568777769837823,-1.0,-9.902571882603635
0.6672530538760701,1.0,0.9682244793751396,10.500482112237387
0.3288970411227412,-0.6700469008149068,0.455268235258095,0.958405743780018
0.1462316841936251,0.4656191652991042,0.5507562750233865,0.274466468864687
-0.3780623097107545,0.6722859141814159,-1.0,-3.6450585186641016
-0.441559678139273,-0.47116098143204166,1.0,0.7298322074617102
-0.4202808886352185,-0.1445959277238813,-0.7400793687805158,1.0094813161663374
-0.6972044792854857,0.6642305430904301,-0.8352001210803528,-0.8200682126551188
-0.3670665952185892,-0.9635035394297613,0.807925106942226,-0.18600936182661204
0.8026627305095699,0.4109984003390039,-0.5896205579254097,2.865460895050957
0.17045576186571054,-1.0,-0.08457505664035936,1.7810958046203893
-0.15981751891200102,-0.021826363501865842,-0.0761475787531487,0.5360928382754965
1.0,-0.5376690608239567,0.3854656980238442,4.5472301641981225
0.7215836967604061,1.0,1.0,12.2209578936901
-0.30947443296930466,-0.31769701631614566,-1.0,-2.8789809271563613
0.29319264987672855,0.4081650975828246,-0.6752792024468464,0.5043079323714184
0.048530272788902984,-0.035570083790233076,0.0719834392096168,0.5392839538428834
-0.4833612531084832,0.9121764101775822,-0.8851116223323765,-0.567176649600335
0.31302311702681673,-1.0,-0.9673931781715768,-17.27287311736593
0.6514912187436752,0.06953454539238901,-1.0,-1.850927103827007
0.18258185364699542,0.3681641706125591,0.3323444593060485,0.6609079768757634
1.0,1.0,-0.1737261370306986,14.923379841434459
-0.4098794654253346,0.03705432329562863,0.506250639707077,-0.14994874283090937
-1.0,0.5522070565854746,0.6909774648470062,-3.494400444604434
-1.0,-0.19870416050058992,-0.9627386752469977,7.509879372317779
0.8670716103744442,-0.5489227937323831,0.2427244991512536,1.5075715917579517
1.0,1.0,-0.7161469851925797,26.20357264810204
-0.24994658667795466,-0.008143551821431894,-0.42548269585436294,0.6392987110708305
0.805628775940967,0.6025521703893122,-0.08603608270053975,2.859995056236789
1.0,0.3395343607163266,0.6415886447112942,9.787964429355817
0.048090004155918686,1.0,0.29139345854827114,7.80630557556719
-0.6886523112241953,-1.0,0.009113817788191092,6.109617569965316
0.5616552730407851,-0.33270486903112517,-1.0,-4.301687306857631
0.8822167113921193,-1.0,1.0,-7.961897819324893
-0.9501523613151184,0.4634861147220968,-1.0,13.346361673355503
0.128951188573313,0.21670846638558183,-1.0,-3.47885653717875
1.0,0.17326149627206422,-0.5303052066854737,4.47004799818418
-0.8131394372248166,0.6763237882986581,0.02907547802169752,-2.1745479784002377
0.17768977528245777,1.0,0.4353134494170017,7.257953124575903
1.0,-0.805982059588082,1.0,-1.899549423942851
1.0,0.4778766241627195,-0.7266265471510733,7.0377992647699275
-0.8728845225674056,0.9791575005913593,-0.43882409374562115,4.40755963796556
1.0,-0.28298431143601643,0.6842684535205639,6.724735818578489
-1.0,-1.0,0.7656965865649148,16.671745133002116
-0.4405134980135288,0.8001493719935784,0.6898597390424379,2.331169084814122
0.7583720009552917,-0.009737845113673815,-1.0,-1.1819538079343674
0.6461352164237641,0.5951876147039368,1.0,7.220690334481613
0.8772598114213959,0.12829966439840645,-0.015930550634589258,3.29651182230035
1.0,-0.8617538796152762,-0.39219442678731053,-1.067938789462298
0.7863070921854771,1.0,0.5378181980155776,7.894650599219526
0.7151270437337995,1.0,-1.0,12.424506868829992
-0.04986011112338451,-0.6858613440264427,0.6109916288141508,1.1283717306984729
-0.5876872075681163,1.0,-0.369531684397689,5.79072677549396
0.08007923665112493,0.16154682880744398,1.0,0.6837357987398508
-0.43440743185163444,-0.8829571093444166,0.0173248669939301,1.7158316586831182
-0.006744105978980119,0.24769344652443692,0.3404736906646717,-0.4478388183994828
1.0,-0.769104116635188,1.0,0.3491831426579472
0.009916757247068864,-0.8413557399594616,0.4345837382879947,0.9973384415666832
0.9276751889638419,-0.7052198643922423,0.7223961641168823,1.0132732136844058
0.6913488027934533,0.023635661106056194,0.11769367909944384,1.519824122778787
1.0,0.7779078038988325,-0.610157809137224,10.039480602143541
-1.0,-0.16254641207109533,-1.0,8.862187758831748
-0.6803063508920473,-0.3799225928566188,-1.0,1.8617303292291347
0.556081422535071,-0.8629613138655345,-0.9181256293414026,-8.666296160757918
1.0,0.6700964261981659,-0.37408994421034625,6.209546505270479
0.5751752056622548,0.07293094541065881,-0.6394427302700865,1.8074870885717464
0.12133717099478392,1.0,0.21751338896888672,7.395417511263424
-1.0,0.29712872138814705,-0.08338147350126679,-3.8673898747910322
-0.0829187015205346,0.919720619809272,0.9695258687180499,10.83674610941602
-0.1456270739438783,0.2510740092170036,-0.41771414177115007,-0.6649295598744531
-0.1680181103857854,-0.7254540211609251,-0.6360483510698307,0.43979327935404267
-0.8287454368463001,-0.6121205112265695,-0.236198494707492,0.744930122169063
0.659856475115163,0.5281390664289145,0.8273412990499489,4.103702529486446
0.6785464918417523,1.0,0.060157144634964244,8.564805183269911
-0.042996209586343204,-0.5714656071904956,1.0,-1.605195980951208
0.4624063390301507,-0.6934883242311469,-0.0519724122233598,1.5006569138124173
-1.0,-0.04193602718195444,-0.11039643520532194,-4.8728569193804265
0.22099978752249072,0.17496878977783625,1.0,0.11931727950784599
0.42779951166972197,-0.26877598488082577,-0.1342737919563497,0.4968590873985661
0.062066050780236415,0.21644055176149135,-0.7403664367384748,0.13528860019651365
0.0007113848843367521,0.05040688975143004,-1.0,-2.843837098773625
0.26468411428041994,0.048931958033009426,0.7965307956852408,0.30758682599681697
1.0,0.06982592207751903,1.0,13.151745260184738
1.0,-0.8765512779512823,-0.04051859375219813,-0.5704487294051621
0.02603347491837993,-0.37655636640454637,-0.013775971639301554,0.8818837914603674
-0.3339633747960691,0.12371252282383272,1.0,1.1240233929048808
-0.4896314394711514,0.1523153099109371,-1.0,-1.373385468153448
0.7273645908131539,-1.0,0.7849492495542685,-3.4386811631661915
1.0,-0.006696121005916433,0.2501785592910444,5.640116233254855
0.23048619193092068,0.28496447609850906,0.6634994274921489,0.9585866714136646
0.6894423318357041,-0.1283908540628833,1.0,-0.07780839023376426
0.3220180841539537,1.0,-0.5589297168043794,11.184919885190894
-0.008823343429747776,-0.22652226958316168,-1.0,-3.2499676339258174
-0.8702490094403523,-0.06386833283712057,0.5224025664008711,-1.614699662028517
0.8945308752642904,0.1743113599476982,0.23300806037991184,4.372274338051245
0.7405401149987241,-0.02378553017950691,-1.0,-1.7088618161014062
0.774042971525313,-0.11864172475298473,-0.7603431642432716,1.605119887246795
-0.27874985659206697,0.6472725652065738,-0.9938765589365075,-3.7974052457353213
0.3176067198580306,0.37818911035614233,-1.0,-2.97929853630669
0.02528449070473915,0.7695858447788002,0.2865221146481294,1.7699679611522459
0.37716446571297757,0.6024633927176788,0.26750563652116965,1.2602676334010288
1.0,-0.9051116856378729,-1.0,-15.803733591563544
0.47459779278382364,0.34973181008065235,-0.22716472278122146,0.6886883385449085
1.0,0.5229590486313891,-0.9527317670229376,11.566714497730324
0.9720266521000278,0.405383013949258,0.7131081566349973,10.5543326348292
0.6370613063931363,1.0,-1.0,10.557779028215725
-1.0,-0.486692909527791,-0.5586779827917892,-0.40233070474360966
0.5457439544750098,1.0,0.0010699117494383792,8.054717091345736
0.4118270414245895,0.155237720567325,-0.06429621336367819,1.7737463806142566
0.38314486771177414,-1.0,1.0,-6.599820025218351
1.0,0.3308085800518197,-0.40878578918819763,4.988888896976809
-1.0,-0.49237434094720944,1.0,8.852344549633749
-0.4257651162291245,-1.0,-0.17602498172585124,3.008043279007017
1.0,-0.12308607418361617,1.0,10.27843589107313
1.0,-0.11179463235137765,0.6421183065776697,7.952580185560798
-0.40805769533701497,-0.22389690041487387,-0.005294496625197098,0.31638551850077096
-0.19038672674393275,0.5765931459684566,1.0,4.304296580367781
0.5535711180033793,-0.6735877793140523,0.8300334893936228,-1.0519861380389521
0.4725681323818587,0.4414900817305365,0.7531886557776661,2.404821428111585
-0.010751430785553628,0.5682252869434521,0.908949477629706,3.362200600998786
-0.9255359140589625,-0.8005870906166506,0.3811337717040644,4.969187655427072
1.0,-1.0,0.3124545240076191,-7.523081351791685
0.7647744056900676,1.0,1.0,13.961479442942508
1.0,-1.0,-0.3683857913884401,-9.473466040282538
0.5601187869128583,0.14441913036781262,0.012001618432861738,1.3981500892104857
-1.0,-1.0,0.6030018714171688,14.169448103150605
-0.7272608021951987,-1.0,-0.36885421977703126,4.774569753274918
-0.07272622148753638,-1.0,-1.0,-15.656123063664804
-0.675948681938608,0.13033996749244214,-0.739997267029455,0.1736010227177056
-0.6233223387242128,-0.31536696024377897,-0.8555330963468535,0.03584570014466282
-1.0,-0.7605939931759182,0.7205234811688639,8.453544960812243
-1.0,-0.3171689431868505,-0.4101953923287971,-2.534209506037346
-0.5067797090653876,-0.021410550570999387,-0.17986853443207784,-0.2359465126107383
-1.0,-0.3423453596584809,0.5894167615489851,-0.15293222521645145
1.0,0.6804988203099067,0.580870669196305,10.86390379752167
-0.5683285590749148,0.12912992376973342,0.017973678390585723,-1.1631454132090107
0.8103200773644976,-0.08916899473111872,-0.4099890009113325,1.9066549468199319
-0.4033872079822107,-0.32852768394271514,0.049122099090375126,0.3316627560435695
-0.348483007087675,0.03807107054818415,0.7661141273988248,-0.24877354482718506
-0.9348700258648937,1.0,0.11479052060257833,5.081956540825433
0.05873641060705026,0.029441040737191226,-0.003154804432103697,0.7803648498564894
-1.0,-1.0,-0.7978363580316112,2.875561134439289
0.223046593658347,-0.5152996671896055,-0.9376722816852052,-3.200516335562929
-0.1027306414435476,1.0,-1.0,2.4318687719469714
0.33917585710601794,-0.16784075710782442,0.8080856755080867,0.2373739530856971
0.6321727321777624,-1.0,0.8605648769058978,-3.671541066140882
-0.20721061087316617,-0.9772271905198904,-0.9974155834009704,-14.909419559683284
0.0010669342516715918,-0.27150555839796975,-0.12508336677502951,1.25045735314454
-0.023685123646156603,0.6999939626131366,-0.5582896879948767,1.0648825221427352
-1.0,1.0,-0.8093736039523163,14.95963906506664
-1.0,-0.4778526396318419,1.0,9.367456663896819
-0.05107627166902384,-0.4299762343749596,-1.0,-4.358069412462465
-1.0,-0.8080437471650421,0.6510856249332373,8.792560310558311
-0.6105176686796248,-0.21905955475014793,0.12352557501937,-0.6380550942916448
1.0,0.341905872858955,-1.0,11.461702868229333
-0.0821589391453279,-0.41156934596595995,1.0,-0.31254209416448353
0.9964659228426889,-0.35335311323714635,-0.4814161134199284,4.516854742764516
-0.7245033823408278,0.894105124959707,-0.15884665372402762,1.5175263517326991
-0.5204311802978745,1.0,1.0,15.53454460520614
0.16485184520570662,-0.2824978897263868,-0.9300125127259509,-0.828683868348814
0.15172898583488137,0.6057300146715687,1.0,3.9555966660017114
0.8509565317503931,-0.48997073853105566,-0.0070200476954978,2.2881612858630778
1.0,0.4602320240615929,0.3956476888505729,8.494411789506785
-1.0,-0.8041192458949766,-0.6225295071653738,2.9710660480727924
0.8526330932777408,0.5957518004025992,-0.2702104549282527,3.07740134015622
1.0,-0.7909515078111793,-1.0,-7.364554660607532
-0.8753667379778287,-0.7035361041077726,0.08416473134393354,3.1124883425843057
0.08141089488880238,1.0,-1.0,4.530228330619216
1.0,-0.4606290652458003,-0.13914103183038562,3.609536862381774
-0.2807287546088859,-1.0,0.6054626020432199,1.6982658839010285
0.04856964256036145,0.14028365351824879,-1.0,-2.165185240944899
-0.7767887896216046,-0.21318001366726969,-1.0,3.354834238340218
-0.4745966498091714,-0.019705342764494427,0.30548599821170486,-0.31893226865712365
-0.3609917649462402,1.0,1.0,15.713764505368871
-0.20612737407907833,-0.6747941945857974,-0.8103619665966677,-1.8722295535143436
-0.2862336812032471,-0.4394380353892564,1.0,-0.7622467229659624
0.38239989704511923,-0.6876305781666132,0.5107510927546561,0.6141526959604436
0.6135476107472553,0.2496643689203597,-0.6153558867941671,1.8804085723812194
-0.5122714376040873,0.3084211942229649,1.0,3.1751459301906295
0.6643343744347441,0.3332774265521612,-0.568413290921364,0.9930905558499992
0.2807936857176594,-0.4518800647347414,0.07052641749537236,1.1106931319786182
-1.0,1.0,-0.3074496723579263,11.355525875001446
-1.0,-0.24987412670425257,0.5276471333953128,-2.4151514386966104
-1.0,-0.6318175204708447,1.0,12.22147483912373
0.06073914406882608,-0.8558030454843948,-0.9995505038273997,-11.656148281509143
-1.0,-0.0288942027806538,-0.20896297812661757,-3.829987115183037
0.2288141288576142,0.569337266959413,-0.8072000814339646,-0.3922902035655356
-1.0,1.0,-1.0,22.138760225919103
-0.3258665724580818,-0.6869549270602437,0.5071381110802018,1.0937783658731912
1.0,1.0,1.0,25.244760917508515
-0.34600054504047173,-0.6754756457808826,0.27769118168777984,0.48248645504085863
0.3446092179384679,-0.01983730007758777,1.0,-0.5388790652336213
-0.010911547258550591,-0.18758866216956016,0.513874578648847,0.8700352711749284
-0.6212496427844663,0.6199655873212593,0.15782948902492722,-1.7430814248118331
0.4570003330051404,1.0,-0.05322260539521628,8.261741553471772
-0.48785904968869453,1.0,-0.14461997390560666,6.007821640364633
-1.0,0.9088964075933985,0.9821555681832435,12.510709411685207
1.0,-0.34506391248762225,-1.0,4.279475435167275
0.849026813999153,0.8373707253043992,-1.0,7.380425040535332
-0.6946422048242424,0.7026714762314206,-0.06199083592463439,-2.52540227278076
1.0,-0.6918877840091866,-1.0,-2.262013072147844
0.7723324032289542,0.27501472764258095,-0.27987246332900195,1.2376543067044836
0.41557615656092284,-0.18292117162856747,0.29861918599356185,1.012077362683616
-0.5915296784289779,-0.30821173383119316,1.0,1.8934940617448772
0.9116217978362786,0.9389881284350139,0.3598089790851535,8.954755326634848
0.9857501805300926,-0.4821151616230168,-1.0,1.2674126097238285
1.0,-0.6642760520751207,1.0,2.3130980000447803
1.0,-1.0,0.6872608783725158,-6.2362688522423975
-0.07245645963452696,-1.0,-0.4825680888540276,-0.13376417947667807
-0.9271006421842687,-0.16184755283867625,-0.9432875519020214,5.086588944249303
0.9283526669055093,-0.8612218699127436,0.8490958166582174,-1.065284428195301
-0.41224896149305734,1.0,-0.14582845954386214,7.243792115047446
-1.0,1.0,-0.6852090344975152,13.31933686160059
-1.0,-0.4446458499287851,-0.41433616524216066,-1.641755181504137
0.6284728330606952,-0.13247784784493888,-0.912080865672406,-0.6413216856253321
-0.6714379752723623,0.8383906166608521,0.6339753150350229,1.3596920030263697
-0.2072353525854973,0.8299656782804425,0.48589274792492954,2.336073040542541
0.2967573378563033,-0.6773947637004305,0.3106889796397394,1.840212730835431
1.0,-0.20312876903238797,0.43513061627208915,6.086113924148169
0.2740842303869846,0.8237924477441951,-1.0,-3.424499637368693
-0.450409776972291,-1.0,-1.0,-12.810380079325775
1.0,0.7113755248043145,-1.0,17.107670000770113
-0.9404159546525575,0.11529076844099273,0.02581780939140521,-3.9910500616426767
-0.3754395417846841,-0.570114477259684,-1.0,-4.139877327878828
0.47986154126799474,1.0,0.5983035608838037,6.9179118795255325
-0.6553021915810571,1.0,-0.3519102210717069,5.026795313149559
0.23966755168512455,-0.8184798913675171,-0.7927221052029407,-3.668760979147708
0.020437755346383257,1.0,1.0,12.919965821386958
1.0,-0.6886041630999853,0.48432452309770113,3.0242472706533827
-0.9576146042777025,0.7011200653176273,1.0,7.339281900888457
-0.0022955333824110635,1.0,0.017104840406779287,8.026926082642301
1.0,-0.4242125601122497,-0.8288985962807134,6.881752162071638
-0.23145028186991579,1.0,-0.4394215506682382,8.347239417530464
0.5289260027722846,0.5663473967436705,0.10268517415946232,1.7250659343690926
0.7451160625616606,0.985961607472525,-0.2704358010267158,8.866121230814153
-0.25765643029251106,0.76957570449976,-0.8638938429697287,-1.4446873160803766
-0.5364395026524336,-0.3819594513259339,0.3174176294639981,0.06441966742911709
0.2983075223101237,-0.6151282696927747,-1.0,-7.212036861608492
0.01616355080993559,1.0,0.7659070708546669,10.00428685554189
0.03045519672098118,-0.5340144899825763,-0.9999594568845072,-5.384656116719734
-0.7971434543366414,-1.0,0.029357861797779217,6.701236063879977
0.0019946812989424245,-1.0,-0.39535076547489134,0.8409160132727442
1.0,0.5623910064587352,1.0,24.14811105815165
-1.0,0.09792693311578438,0.05508735398569553,-4.062535115956421
0.2882981632740953,-0.239423078383332,0.16598516775124827,1.4473182762555474
-0.42797401980717464,1.0,0.665870650925628,7.326537959945767
1.0,0.03648373607937283,-0.8798801496979372,8.420601122016445
-0.010915177531738207,0.015110645987423066,-0.23219424886618723,0.4108816493024823
-0.8838133815419094,-0.4271895831549637,-0.5248177023289509,1.2801655247063037
-0.012380368472548975,-1.0,0.01711678415055018,2.8633255910504403
-1.0,-1.0,-1.0,2.6723408651519818
0.9807949141660408,0.8282967532862011,1.0,24.55110589727308
-1.0,-0.6383938798572499,0.7023906362036838,5.21607015205698
-0.35864635954360513,0.29541110033102225,-1.0,-1.8807501600499612
0.2690657358723234,0.7862745832350695,0.6876063379791473,2.793048851620973
-1.0,0.4642138024462632,0.4853532450438791,-4.036505550477692
-1.0,1.0,0.17403470592590997,5.389780593769171
-0.019632006404074254,0.9566571781593138,0.9124964739020822,10.55973694554257
-0.5228282167200189,-0.02083372230592717,-0.1242759423786155,-0.5287674834509575
0.5004700402179283,0.2554098585101081,-1.0,-1.6184799459379606
-0.8629738285504263,-1.0,1.0,10.089496600082843
1.0,0.5548341509265393,0.004336237910582463,6.277748132268253
0.35200254965889743,0.38540909171467375,-1.0,-2.9335743716661
-0.020170771356519124,0.1893093447209231,0.7473072152229518,-0.23638545505116465
0.5088487868821014,-0.6019924836456239,0.7274438682716455,0.3717700541531676
-0.47965272410966575,-0.9952257942422966,0.21829351086072157,3.798506869186495
-0.9437808574982771,0.9111181829487072,0.2257839594783282,0.2359979852174613
0.13434818584492159,-1.0,0.07098152261563762,1.8620448449507643
